col_celltype,ORL10,ORL11,ORL12,ORL13,ORL14,ORL15,ORL16,ORL17,ORL18,ORL18198,ORL18870,ORL19,ORL20,ORL21,ORL22,ORL23,ORL23168,ORL24,ORL25,ORL26,ORL27,ORL28,ORL29,ORL30,ORL31,ORL32,ORL33,ORL36,ORL37,ORL38,ORL38856,ORL39,ORL4,ORL40,ORL41,ORL4130,ORL42,ORL46282,ORL5,ORL54253,ORL57814,ORL6,ORL65661,ORL69828,ORL7,ORL71884,ORL73244,ORL73524,ORL75821,ORL7801,ORL7948,ORL8,ORL80904,ORL9,ORL9391,Otx-a WT
A-line ASV/PSV,0.0,0.0,0.31219924165074087,0.0,0.11694499153929375,0.173746844572665,0.0,0.0973336987588583,0.4766311183514687,1.0844090135649342,0.2810064334729958,0.4191129571260955,0.36461537986632564,0.3822633504334229,0.2938922059385016,0.0,0.0,0.31607715760015626,0.05847249576964687,0.4851016574604602,0.4495212056693546,0.5097012384999816,0.0991886195042443,0.0,0.16021011458936008,0.09501780562567617,0.0,0.19099700382972004,0.2727511860677989,0.0,0.18448632100880474,0.0,0.05501469929848513,0.22816025244689164,0.0,0.2705144168297572,0.4458755174890059,0.268986086791171,0.31301424141365264,0.19225213750723208,0.05630684777817847,0.07416023853711311,0.12594445935068418,0.06839665318190043,0.10091703473612515,0.0,0.0,0.27350512102852065,0.056225205067269725,0.45140003535938417,0.5127343940797834,0.0,0.09213847818247387,0.0,0.25880095433665856,0.1839730029572855
Endoderm (A),0.0,0.14904753823635478,0.03878277780639844,0.15881259222662228,0.0,0.1037341078801078,0.0,0.35814564059313075,0.715006236189049,1.8149415157915254,0.5376759976757931,0.7156998257431809,0.4335844429150952,0.9868756477746028,0.051828995617565515,0.12663131349547296,0.280344777527608,0.9258446966115904,1.2426867616375932,2.3333040810518444,1.7887709386732058,0.3557933325221141,0.29254183567907177,0.28737327034382304,0.19987581203172658,0.20255309238646635,0.3502156562923791,0.9654151348186176,0.16992530441356352,0.2830518723737508,0.5136876036377246,0.22447968270164903,0.7786652422206534,0.3796736684359081,0.3019950974433068,1.2173770756415334,1.688073053196022,1.2359413227438698,0.46508866813243416,0.35516016359494684,0.24613124861648372,0.027641543454742158,0.14366756754080529,0.4187041869483148,0.0,0.17205930998502067,0.5381520703415298,0.8042309799758649,0.06659674125606095,0.4506833340721027,1.1030365132858184,0.31233159053427006,0.18289956527515627,0.2665688785751592,0.03564332630606079,0.3669665197273769
Endoderm (B),0.07686833713537848,0.21290348308954246,0.15699304862549338,0.0,0.0,0.11246794863626043,0.2565480751893256,0.04368634741410399,0.4324796947810111,1.034341123876411,0.377000028379245,0.6086640030857811,0.1617324351075339,0.5734653111025095,0.13762278212398524,0.1370224069651637,0.2836210054960578,0.5195455378506474,0.6286687223338713,1.6222760800206437,1.2800538254840659,0.3886177744848958,0.29028008660530974,0.1066042383616088,0.12390369264824257,0.055138715063081746,0.0,0.20109720630905684,0.14433084398836887,0.1336815417145185,0.34477940524039796,0.34223896631747286,0.36777074292077355,0.03970893369431243,0.13769466587130333,0.5017525910298286,1.231915727491553,0.601437393745301,0.35074382336914006,0.09916052637047185,0.276144724795696,0.12424469283950842,0.41233469566857467,0.16158322312129975,0.0,0.41578648654342204,0.2464421196437525,0.6921518753614255,0.2266761820301637,0.17039887548882562,0.45901488972336046,0.17100829811449622,0.1215062734573711,0.15131844468598224,0.07496694008969297,0.29710503401608757
Epidermis (a),0.0,0.010287301494838683,0.0,0.0,0.008696481676049196,0.0,0.0,0.032107771447558796,0.13224305147216922,0.04303799308806106,0.031045421640072412,0.1278420874223867,0.0,0.03869535424664092,0.010307016203463179,0.033992355175483074,0.0559162086357021,0.10952048592431801,0.010820533024988034,0.09549813438109479,0.04447191361252972,0.020371731443485103,0.05282650852729886,0.0,0.0,0.0,0.025648744943212665,0.09545711685929345,0.012838375061231824,0.02211323476379373,0.007565549081406027,0.04644071050185598,0.014252670843851425,0.0,0.020445529115370807,0.0,0.1095807262980883,0.2435675787479253,0.04362508654807031,0.03256383117118282,0.025924972561461077,0.011206031130300873,0.0,0.05590208503354746,0.0,0.0,0.01279923367385002,0.1405610181158986,0.02573796853215617,0.05700050706918228,0.03477722599745389,0.0,0.007108640920590775,0.0,0.0,0.025557617580653162
Epidermis (b),0.01889166890260263,0.011914458385664723,0.019095227498563756,0.016689111417885778,0.006694910496641048,0.0,0.02256662846897403,0.03778615017530546,0.09597944886621682,0.11117888625378657,0.066932002160217,0.1196306342561922,0.09605507436684438,0.05390561682566745,0.011297661463081768,0.017505253345901358,0.017019861270853125,0.043849455726194066,0.07470257178354447,0.16885283219219788,0.13767436750385426,0.05056754859001925,0.0626582369612408,0.038197511432042426,0.004432007299002305,0.021132995137622682,0.0,0.018043923223574492,0.029479208393561582,0.008819640010552113,0.010681911384456167,0.025459316339894095,0.0,0.0,0.028390331631333168,0.12005697227920552,0.08222650357007114,0.3151359323100296,0.023757222237061212,0.02577364912599292,0.1165346231693709,0.018772965731265863,0.02151493408295403,0.06521951401015953,0.10051470347178967,0.01018968117723982,0.06502598254000343,0.11804605868913141,0.03942755839182522,0.011770586826652633,0.06312704318950108,0.025575327042908786,0.0,0.004783886895520446,0.0,0.013943119381434247
Germ Cell,0.0,0.0,0.0,0.0,0.0,0.0,0.0,0.0,0.0,0.0,0.0,0.0,0.0,0.0,0.0,0.0,0.0,0.0,0.0,0.0,0.0,0.0,0.0,0.14886330398413625,0.0,0.0,0.0,0.0,0.0,0.0,0.0,0.0,0.0,0.0,0.0,0.0,0.07443165199206812,0.0,0.0,0.0,0.0,0.0,0.0,0.0,0.0,0.0,0.0,0.0,0.0,0.0,0.0,0.0,0.0,0.0,0.0,0.0
Heart,0.0,0.0,0.0,0.0,0.0,0.0,0.0,0.17492286020928358,0.0,0.0,0.06839665318190043,0.0,0.2300614697936651,0.3012709723488472,0.0,0.0,0.0,0.0,0.36006747394993077,0.06756821733381417,0.0,0.0,0.0,0.0,0.0,0.0,0.0,0.0,0.0,0.0,0.0,0.0,0.0,0.0,0.0,0.0,0.14712434419459536,0.16792594580091225,0.0,0.0,0.0,0.0,0.0,0.1382077172737108,0.0,0.1852124402215944,0.0,0.11261369555635695,0.0,0.0,0.0,0.12594445935068418,0.0,0.0,0.0,0.0
LNC,0.058307620069761194,0.27305566765027595,0.16139944717028049,0.03466679681822351,0.2209320463891546,0.03898166384643125,0.0,0.0,0.5892844229099206,0.6891070096536518,0.4089812123259888,0.6164004192112964,0.7184355019510003,0.415715510725016,0.054286404892536284,0.23642833530574647,0.3469253913839651,0.544428747355327,0.4451781216065096,1.0073513983901419,0.7412175497904804,0.14431135967265898,0.3743709058299865,0.16112731433573851,0.04036681389445006,0.08113268073567743,0.0,0.3772894073793141,0.2362672916681516,0.21009754484334406,0.5830399752559975,0.20597864302403243,0.48687939840151573,0.15758957417250605,0.3662308325153571,0.7373288999425953,0.8058660109666412,1.2329081084154048,0.13299233191127108,0.05164645240265951,0.2782844434854113,0.16796931146595623,0.16288766678687341,0.4066729838251892,0.0,0.08001499421109573,0.38119889469174106,0.6258242380939157,0.16845299805532332,0.22662983942364212,0.8174946272475968,0.12480549008697318,0.04750890281283808,0.08113268073567743,0.40428899408781055,0.469720305914361
Mesenchyme,0.0,0.0,0.1219995848390411,0.03577967595189891,0.04519064585232707,0.0,0.0550827858699572,0.0795892278250279,0.14408789864540664,0.2961990649482776,0.21706369501638426,0.12945941218023813,0.8019351033860214,0.3707378340527385,0.0665124639379733,0.1842769563649477,0.048203355575815544,0.09709050774556365,0.16685892857254017,0.5862948116899759,0.4428003168454566,0.1044259044331636,0.05885255109845055,0.0,0.06401199536887658,0.11290375867395247,0.0,0.0,0.04434664061643809,0.08813245739193151,0.0,0.23454558040298776,0.0,0.2037337283952721,0.0,0.21395789162634984,0.1174653487379886,0.1060663876751734,0.040169462979846284,0.16316330484231875,0.11921238659042956,0.1186737684958483,0.0,0.09592421138344401,0.0,0.0,0.0869712849876559,0.1598525228527073,0.03923528942217544,0.0351482801073655,0.21384396956933882,0.03878430908398952,0.050676163000360624,0.07128665261212158,0.06425737721973683,0.21565832080596606
Muscle A/B,0.0,0.0,0.0,0.0,0.0,0.04524657410746484,0.0,0.0,0.0,0.030674862639155344,0.12024706430970747,0.1064199423007573,0.15337431319577674,0.07390273770885923,0.0,0.0,0.050676163000360624,0.0,0.2496178471818432,0.05792036175430324,0.16775687176692655,0.03721582599603406,0.0,0.0,0.048254582126698926,0.0,0.0,0.15160909030058262,0.06334520375045077,0.0,0.0924533935401569,0.0,0.0,0.0,0.03374234890307088,0.04406622869596576,0.023754451406419044,0.11905845524181109,0.0,0.07148802733701458,0.08290459488745265,0.10482187613100796,0.0,0.07631843764043772,0.0,0.0,0.08363758464579381,0.06380599241019322,0.0850976076693812,0.0,0.07872628297221311,0.11528139194513391,0.046350149085695694,0.0,0.0562372481717848,0.05153508101731589
Primary Notochord,0.1113648988468376,0.34376884720238615,0.10458954323539515,0.023930743902887148,0.22017412819734775,0.14854094223446365,0.15943303864316266,0.10503069836536426,0.4872280280156703,1.7562113934169883,0.7651920313083874,0.7222675751655735,1.2458896609915497,0.6588354439442416,0.22885612549725115,0.17578013813329732,0.4233138930337326,0.7924669541667633,1.2883621431568901,2.4004111615695276,1.6593403932283342,0.2631483249160695,0.3392095504128927,0.17423882059333623,0.11843204291286342,0.06508304286652083,0.26919714739562584,0.34944324388162595,0.12870432166575943,0.1968445832259799,0.2712494069340195,0.3173791087847448,0.5142317169723787,0.0802587047287859,0.16298164455008013,0.5053507656089865,1.7134491242684435,1.1291811846569018,0.4626420630771228,0.11629352658589938,0.47231040697955157,0.23462611764706479,0.2871957881430199,0.7526667934593452,0.14514875634387361,0.10187476067082805,0.5568509161829917,0.7302599185298834,0.19812789009674653,0.33833822937878577,0.7295536011552141,0.1607077683504686,0.06970588144503284,0.2627804261299977,0.37822842819926505,0.31008243024525284
Secondary Notochord,0.0,0.0,0.0,0.0,0.0,0.0,0.0,0.0,0.0,0.5425444717489284,0.24364255529150217,0.0,0.0,0.3549554782185888,0.0,0.0,0.39357643547088805,0.4105676522183617,0.43961172081096805,0.43700687129666704,0.13119214515696268,0.0,0.2271119637706694,0.0,0.0,0.0,0.0,0.3450922046904977,0.0,0.0,0.0,0.14993388017938591,0.16002998842219146,0.0,0.4230621422333105,0.12050838893953886,0.2102757753985351,0.4395492502350509,0.27147944464478907,0.0,0.0973336987588583,0.0,0.0,0.0,0.0,0.1687117445153544,0.18745749390594935,0.0,0.0,0.0,0.24220088336670034,0.0,0.0,0.0,0.0,0.0
Trunk Lateral Cell,0.19855210596554718,0.0,0.0850976076693812,0.0,0.0,0.0,0.0,0.08942852294181287,0.321481579956828,1.361846474463046,0.5450439368877087,0.571871959139525,0.2918060233611202,1.0722592745839479,0.16792594580091225,0.0,0.22219057972360703,0.8353008902636678,0.5455184091869437,1.1574910350893346,0.9505932408312887,0.17677731279195566,0.49731915570191504,0.0,0.3508810363344203,0.0,0.09038129170465414,0.5555319205199313,0.3608917889362358,0.10884628678409962,0.1744589218045202,0.19855210596554718,0.20673146026579228,0.13573972232239453,0.2565480751893257,0.5001261361678097,1.045768034969922,0.9976430341362198,0.22872416880470636,0.20121417661907895,0.1597407292510543,0.12669040750090155,0.24220088336670034,0.21033610907084307,0.1852124402215944,0.0,0.3081103425449426,0.6668662014294957,0.318509211456555,0.32375132338871576,0.8243480399340388,0.4024283532381579,0.24129061416814815,0.0,0.0,0.5091625567535055
VNC + PSV,0.06786986116119727,0.09501780562567617,0.3666626018396,0.0,0.06297222967534209,0.03948791922106023,0.0,0.0,0.3699508662014075,0.7752872262507969,0.5537366624013219,0.6831109788415342,0.8554875658349582,0.5087966030613611,0.0,0.11455008339872726,0.14475335904820166,0.387145010111466,0.6178162923348185,0.9040061664902894,0.6622714076359767,0.20916044924079502,0.22320879234526478,0.1330249278759466,0.0,0.16584926072845296,0.07416023853711311,0.3097656083695242,0.2018340694722503,0.0,0.3471878964542833,0.052423616896924784,0.4693463926758348,0.0,0.08001499421109573,0.613863566788783,0.29893093626130857,0.6499115496709249,0.03672185724663814,0.1368256401009737,0.35408344660508384,0.059386128516047604,0.13646249077208464,0.6631997712702075,0.0,0.0,0.426623304155902,0.26203133666643474,0.2900753331818735,0.25736887522159285,0.49189733823521037,0.2480735544855616,0.1192380305890838,0.0,0.18416012741627413,0.3303119454854954
a6.5,0.35037231922236095,0.3135688604736987,0.4698286242194838,0.3008477576376414,0.5371404865176732,0.30821570737674614,0.6426898055950052,0.45678750599564943,2.5000618538847625,3.0752267475224677,2.420722712102766,2.1617940464099625,2.17276239625127,2.4409513628193116,0.42774728795026407,0.8068436310578219,1.3943300000245928,1.7721985922391588,2.0250387307570294,4.1961292754668635,3.309172878191503,0.8536673462404258,1.2308015577173943,0.5160113314401388,0.3466574354340248,0.3424845463640772,0.49300966931956547,1.6397533378406937,0.38163661288570305,0.6693267466603477,1.1583394160837113,0.45802709857127477,1.5630084485818942,0.4999542007175311,0.3123301830956749,2.650391218447204,3.422225098633179,2.4017061095072316,1.187553662858246,0.6845256230672131,1.4256360522160305,0.7944862493257376,0.7981192676872955,2.210099389654136,0.7736429675338089,0.30542566285435657,1.319885019059153,2.4824400510317326,1.5751358191416631,1.3195877982690731,2.3174365123637317,0.5144462611167295,0.4037442129270611,0.37793633948774963,0.46605591568600363,1.355678292827081
a6.7 ASV,0.12347496014772959,0.0,0.30387392548017955,0.358470952382329,0.22862674969420063,0.026361210080524125,0.08564985295835599,0.0926062201107972,1.3082537203634539,1.5803558608852042,0.9673906806055226,0.8094711434880628,0.9787037253221123,1.1877731418499007,0.04439782750404063,0.07472746909865026,0.6302233011265546,1.0798125246136505,1.4622167140020608,2.2858593710287374,1.5943689777869812,0.2395629069858666,0.8653094288669668,0.18053284332015276,0.11770369523761898,0.26932122343434595,0.05191130600472443,0.9685548283208053,0.4449064551613311,0.11034325814594653,0.20549399002472446,0.32205307823222407,0.6754678207903231,0.04904144806486512,0.1583002553785798,1.1353741544497327,1.4226604009494563,1.762127368473991,0.8152689745382035,0.4447726852887737,0.6410866147469078,0.32925910401045805,0.7169591226319871,0.657468489020639,0.640526291021219,0.0552387979608264,0.5219539998825715,1.1529664841931402,0.3987358771334276,0.47761605156202486,1.0705730149178403,0.09637181771144401,0.07428327930335939,0.17075284614496333,0.2038049890391977,0.5664705891434753
a6.7 PSV,0.13219868608789728,0.629722296753421,0.33161233448406136,0.11517309772809232,0.21115067916816926,0.1330249278759466,0.145769050174403,0.0,1.3839327494091846,2.5752307292452072,0.8316052493298391,1.9548038330551256,1.3172952882687525,1.1954083033176672,0.3148611483767104,0.1216227912008655,0.6849750686084816,0.7686052298356459,1.5414983996902862,3.01258700005267,1.6685983469213408,0.5289679271562264,1.167839573541632,0.31084560076378365,0.0,0.7388067964754299,0.0,1.9243552523199747,0.0,0.0,0.6453855300611039,0.48203355575815543,1.1021433432451921,0.14993388017938591,0.3427907310601929,1.3928368381453005,2.712104792268471,2.4436228143751983,0.5361031439094024,0.46952978266702433,0.5430527889696216,0.3437588989542277,0.9603838976629862,1.6789402994902258,0.7001916084054799,0.0,0.4914423491124791,1.7748166940674437,0.4707683892680813,1.3961148145882722,1.491497829247851,0.0,0.7872598297969744,0.10857280978507257,0.0,0.8265826378911306
b6.5,0.4356014207993362,0.5811511556670453,0.9056944475927327,0.35426083168204214,0.5223738817762679,0.2536305121220582,0.5217916246650904,0.9564286184725588,2.3269362987996893,2.718741668467026,2.410847018201266,2.217225094045082,1.8413639761645015,2.1188824110684523,0.5959202843589029,0.7607132367365502,1.3186097097943024,1.7015864755832542,1.5245846887121361,3.1213258824983723,2.680907340549035,1.1424861177890062,1.7840164243709673,0.6746757870578708,0.5766560588110833,0.6292926586145926,0.7708168545574553,2.0575179047065877,0.557227808394798,0.4124920875617257,1.668568928995504,0.5761653409228298,0.8885569864150373,0.40616200805055913,0.8174763515347214,2.6111478100584193,2.7378978699049434,2.4105675796044244,1.289289722867554,0.9957202420428208,1.800703550868954,1.1363588820657884,1.2664369778042215,1.9102694402652107,1.1208962705070589,0.8397801293193116,1.8891497585928188,2.6080551262923866,1.7230632754327235,1.448658683772888,2.409152753284821,0.48014628560825917,0.8694679374830386,0.6844611748245948,0.764315446302651,1.6823049047693188
